"Data Source","World Development Indicators",

"Last Updated Date","2019-10-28",

"Country Name","Country Code","Indicator Name","Indicator Code","1960","1961","1962","1963","1964","1965","1966","1967","1968","1969","1970","1971","1972","1973","1974","1975","1976","1977","1978","1979","1980","1981","1982","1983","1984","1985","1986","1987","1988","1989","1990","1991","1992","1993","1994","1995","1996","1997","1998","1999","2000","2001","2002","2003","2004","2005","2006","2007","2008","2009","2010","2011","2012","2013","2014","2015","2016","2017","2018","2019",
"Aruba","ABW","Central government debt, total (% of GDP)","GC.DOD.TOTL.GD.ZS","","","","","","","","","","","","","","","","","","","","","","","","","","","","","","","","","","","","","","","","","","","","","","","","","","","","","","","","","","","","",
"Afghanistan","AFG","Central government debt, total (% of GDP)","GC.DOD.TOTL.GD.ZS","","","","","","","","","","","","","","","","","","","","","","","","","","","","","","","","","","","","","","","","","","","","","","","","","","","","","","","","","","","","",
"Angola","AGO","Central government debt, total (% of GDP)","GC.DOD.TOTL.GD.ZS","","","","","","","","","","","","","","","","","","","","","","","","","","","","","","","","","","","","","","","","","","","","","","","","","","","","","","","","","","","","",
"Albania","ALB","Central government debt, total (% of GDP)","GC.DOD.TOTL.GD.ZS","","","","","","","","","","","","","","","","","","","","","","","","","","","","","","","","","","","","35.7569039092832","37.4810503903393","53.1077864994122","55.5656446651293","","","","","","","","","","","","","69.6376739165201","63.6691526405469","70.5807697920008","73.3202274771466","79.8644181475793","80.7355819675527","","","",
"Andorra","AND","Central government debt, total (% of GDP)","GC.DOD.TOTL.GD.ZS","","","","","","","","","","","","","","","","","","","","","","","","","","","","","","","","","","","","","","","","","","","","","","","","","","","","","","","","","","","","",
"Arab World","ARB","Central government debt, total (% of GDP)","GC.DOD.TOTL.GD.ZS","","","","","","","","","","","","","","","","","","","","","","","","","","","","","","","","","","","","","","","","","","","","","","","","","","","","","","","","","","","","",
"United Arab Emirates","ARE","Central government debt, total (% of GDP)","GC.DOD.TOTL.GD.ZS","","","","","","","","","","","","","","","","","","","","","","","","","","","","","","","","","","","","","","","","","","","","","","","","","","","","","","1.89352238938485","","","","","","",
"Argentina","ARG","Central government debt, total (% of GDP)","GC.DOD.TOTL.GD.ZS","","","","","","","","","","","","","","","","","","","","","","","","","","","","","","","","","","","","","","","","","","","","","","","","","","","","","","","","","","","","",
"Armenia","ARM","Central government debt, total (% of GDP)","GC.DOD.TOTL.GD.ZS","","","","","","","","","","","","","","","","","","","","","","","","","","","","","","","","","","","","","","","","","","","","","","","","","","","","","","","","","","","","",
"American Samoa","ASM","Central government debt, total (% of GDP)","GC.DOD.TOTL.GD.ZS","","","","","","","","","","","","","","","","","","","","","","","","","","","","","","","","","","","","","","","","","","","","","","","","","","","","","","","","","","","","",
"Antigua and Barbuda","ATG","Central government debt, total (% of GDP)","GC.DOD.TOTL.GD.ZS","","","","","","","","","","","","","","","","","","","","","","","","","","","","","","","","","","","","","","","","","","","","","","","","","","","","","","","","","","","","",
"Australia","AUS","Central government debt, total (% of GDP)","GC.DOD.TOTL.GD.ZS","","","","","","","","","","","","","","","","","","","","","","","","","","","","","","","12.2532511910304","11.9433593985615","14.1736085959194","17.9079937661119","20.2259566766076","21.7363875875261","21.8677442527374","20.9115580839596","16.9103056128496","31.1495288974604","29.590461598496","27.812999066754","25.9859755281053","25.182281262485","22.9722463210145","22.5072123906758","21.647280792429","20.3203959532226","18.3978262365233","24.0607231707462","29.2573610275351","30.5868467382266","39.9077533348717","38.0392720986105","42.207528166503","46.9540603499648","54.595127221496","","","",
"Austria","AUT","Central government debt, total (% of GDP)","GC.DOD.TOTL.GD.ZS","","","","","","","","","","","","","","","","","","","","","","","","","","","","","","","","","","","","","","","","","","","","","","","","","","","","","","","","","","","","",
"Azerbaijan","AZE","Central government debt, total (% of GDP)","GC.DOD.TOTL.GD.ZS","","","","","","","","","","","","","","","","","","","","","","","","","","","","","","","","","","","","","","","","","","","","","","","","","4.57653797474662","6.29501240116287","6.38557579182856","","","","","","","","","",
"Burundi","BDI","Central government debt, total (% of GDP)","GC.DOD.TOTL.GD.ZS","","","","","","","","","","","","","","","","","","","","","","","","","","","","","","","","88.7936648764972","103.991579904102","117.630979428415","117.012589933937","128.919219059812","144.097681489928","134.247082847141","151.277211394303","162.561440491875","","","","","","","","","","","","","","","","","","","","",
"Belgium","BEL","Central government debt, total (% of GDP)","GC.DOD.TOTL.GD.ZS","","","","","","","","","","","","","","","","","","","","","","","","","","","","","","","","","","","","","","","","","","","","","","","","","","","","","","","","","","","","",
"Benin","BEN","Central government debt, total (% of GDP)","GC.DOD.TOTL.GD.ZS","","","","","","","","","","","","","","","","","","","","","","","","","","","","","","","","","","","","","","","","","","","","","","","","","","","","","","","","","","","","",
"Burkina Faso","BFA","Central government debt, total (% of GDP)","GC.DOD.TOTL.GD.ZS","","","","","","","","","","","","","","","","","","","","","","","","","","","","","","","","","","","","","","","","","","","","","","","","","","","","","","","","","","","","",
"Bangladesh","BGD","Central government debt, total (% of GDP)","GC.DOD.TOTL.GD.ZS","","","","","","","","","","","","","","","","","","","","","","","","","","","","","","","","","","","","","","","","","","31.4618431575804","31.863991518402","31.2044521104432","","","","","","","","","","","","","","","","",
"Bulgaria","BGR","Central government debt, total (% of GDP)","GC.DOD.TOTL.GD.ZS","","","","","","","","","","","","","","","","","","","","","","","","","","","","","","","","","","","","","","","","","","","","","","","","","","","","","","","","","","","","",
"Bahrain","BHR","Central government debt, total (% of GDP)","GC.DOD.TOTL.GD.ZS","","","","","","","","","","","","","","","","","","","","","","","","","","","","","","","8.72736418511066","16.3795586794953","21.2998208687864","19.347414718969","17.8800029674213","16.986451622554","15.8131027247135","16.9605823750437","21.1646810889854","23.6915052697933","25.7449922277885","27.1047507060702","28.2658072668444","32.4533334441207","29.3985431420081","","","","","","","","","","","","","","","",
"Bahamas, The","BHS","Central government debt, total (% of GDP)","GC.DOD.TOTL.GD.ZS","","","","","","","","","","","","","","","","","","","","","","","","","","","","","","","24.4188250157928","27.9767032232351","30.6304277902863","34.4340232858991","34.8665234734581","33.9982502187227","34.2227763923525","21.7237964992515","20.9517328580084","19.6411443712608","18.7520042790972","","","","","","23.4702303966166","23.2550473991226","25.4503135094053","30.9034598415542","33.6865674302876","35.2808662969381","36.4320134322093","44.1234803718619","47.0774734651785","47.9562935135639","51.8533466229685","","","",
"Bosnia and Herzegovina","BIH","Central government debt, total (% of GDP)","GC.DOD.TOTL.GD.ZS","","","","","","","","","","","","","","","","","","","","","","","","","","","","","","","","","","","","","","","","","","","","","","","","","","","","45.8346942869169","49.0902631535795","","","","52.8681146878044","","","",
"Belarus","BLR","Central government debt, total (% of GDP)","GC.DOD.TOTL.GD.ZS","","","","","","","","","","","","","","","","","","","","","","","","","","","","","","","","","25.7608695652174","5.18781725888325","75.9557129208116","16.8800606245315","11.5201288580528","12.1714690728675","20.1805426390813","15.103117448937","15.0144518163306","11.440616774975","12.3366860124798","","","6.57022058767027","6.64440183178372","8.9092608163614","10.6566343685377","18.5574619808712","18.4403581131381","39.4168108447656","24.4293134230567","23.8372955552391","24.5487262642116","37.5981780556757","39.960153098796","","","",
"Belize","BLZ","Central government debt, total (% of GDP)","GC.DOD.TOTL.GD.ZS","","","","","","","","","","","","","","","","","","","","","","","","","","","","","","","28.129049442904","28.6434802063992","32.960172244819","35.3265313139531","37.1674972975588","36.3108902435642","38.8322873137738","","","","","","67.2689137874747","87.9989232351151","103.990894700597","92.2046769407398","87.6608387511472","84.7414523449847","78.7958631331596","82.1112290694213","80.1898102548972","76.8954169282403","74.9492343418746","77.3543518490858","77.0833496386423","","","","","",
"Bermuda","BMU","Central government debt, total (% of GDP)","GC.DOD.TOTL.GD.ZS","","","","","","","","","","","","","","","","","","","","","","","","","","","","","","","","","","","","","","","","","","","","","","","","","","","","","","","","","","","","",
"Bolivia","BOL","Central government debt, total (% of GDP)","GC.DOD.TOTL.GD.ZS","","","","","","","","","","","","","","","","","","","","","","","","","","","","","","","","","","","59.1717239568102","57.411379214187","47.8828063678676","46.5365055204049","47.0751922918139","56.2575827502911","60.1091978561596","68.339852256336","","","","","","","","","","","","","","","","","","",
"Brazil","BRA","Central government debt, total (% of GDP)","GC.DOD.TOTL.GD.ZS","","","","","","","","","","","","","","","","","","","","","","","","","","","","","","","","","","","","","","","","","","","","","","","63.9523563420216","62.4516834896092","60.6559304867725","63.8078274298857","61.3187804611479","59.3416583014604","59.8494899958247","57.2284201140371","58.4572609903155","67.5375540277116","73.4436742456179","","","",
"Barbados","BRB","Central government debt, total (% of GDP)","GC.DOD.TOTL.GD.ZS","","","","","","","","","","","","","","","","","","","","","","","","","","","","","","","","","","","","","","","","","","","","","","62.5181811382239","62.9786885669819","66.8519247257745","71.213349916353","86.5995054074264","95.7267563080863","100.177396683044","111.653378365028","122.171179837398","132.10481001877","145.774322840657","","","","",
"Brunei Darussalam","BRN","Central government debt, total (% of GDP)","GC.DOD.TOTL.GD.ZS","","","","","","","","","","","","","","","","","","","","","","","","","","","","","","","","","","","","","","","","","","","","","","","","","","","","","","","","","","","","",
"Bhutan","BTN","Central government debt, total (% of GDP)","GC.DOD.TOTL.GD.ZS","","","","","","","","","","","","","","","","","","","","","","","","","","","","","","","51.1880192526389","47.4653512960086","45.4804885550539","39.3324210003702","32.9392012291965","27.08988148767","36.299846850237","30.7408747223376","29.969266259208","34.3907413132198","39.1259100037186","69.9474057236416","56.368965196401","68.7892850163564","75.2359487498992","79.5339171539796","74.8832369378622","62.7952543120532","60.4102550051147","56.7763136832133","54.8829606742348","62.5299587992937","72.5156742224457","96.1392467526552","89.8206297688459","91.4048311527287","107.650111182046","","","",
"Botswana","BWA","Central government debt, total (% of GDP)","GC.DOD.TOTL.GD.ZS","","","","","","","","","","","","","","","","","","","","","","","","","","","","","","","11.3711032492715","12.1168020575228","12.5321505732804","12.4450599461028","12.0423976352474","10.972076070214","11.1567555492122","","","","","","","","","","5.89360961421408","5.74118725017073","7.84730897264042","18.9731164738468","21.630688536512","20.7431794308082","19.945550294908","18.2124296664286","17.4453597097219","17.9091592446388","15.2354925720187","","","",
"Central African Republic","CAF","Central government debt, total (% of GDP)","GC.DOD.TOTL.GD.ZS","","","","","","","","","","","","","","","","","","","","","","","","","","","","","","","","","","","","","","","","","","","","","","","","","","","","","","","","","","","","",
"Canada","CAN","Central government debt, total (% of GDP)","GC.DOD.TOTL.GD.ZS","","","","","","","","","","","","","","","","","","","","","","","","","","","","","","","","","","","","","","","","","","","","","","","","","","","","","","","","","","","","",
"Central Europe and the Baltics","CEB","Central government debt, total (% of GDP)","GC.DOD.TOTL.GD.ZS","","","","","","","","","","","","","","","","","","","","","","","","","","","","","","","","","","","49.4488813238772","","","","","","","","","","","","","","","","","","","","","","","","","",
"Switzerland","CHE","Central government debt, total (% of GDP)","GC.DOD.TOTL.GD.ZS","","","","","","","","","","","","","","","","","","","","","","","","","","","","","","","12.692933371507","13.4334220758111","15.6859336641362","18.9946700665772","20.6665692083394","23.1661445963072","23.5991683699347","25.643075310359","27.907978724695","25.6923234371178","26.3370973748331","25.2603967813822","30.3902607414096","29.4377653432691","29.9983918368459","30.012952156004","26.3534189803434","24.0052180036883","23.6417272716591","22.2458964083591","21.5610607446658","21.6726065625203","21.8499716464569","20.6569585113431","21.0497565857541","20.8877474408094","19.7681338025769","","","",
"Channel Islands","CHI","Central government debt, total (% of GDP)","GC.DOD.TOTL.GD.ZS","","","","","","","","","","","","","","","","","","","","","","","","","","","","","","","","","","","","","","","","","","","","","","","","","","","","","","","","","","","","",
"Chile","CHL","Central government debt, total (% of GDP)","GC.DOD.TOTL.GD.ZS","","","","","","","","","","","","","","","","","","","","","","","","","","","","","","","","","","","","","","","","","","","","","","","","","","","","","","","","","","","","",
"China","CHN","Central government debt, total (% of GDP)","GC.DOD.TOTL.GD.ZS","","","","","","","","","","","","","","","","","","","","","","","","","","","","","","","","","","","","","","","","","","","","","","","","","","","","","","","","","","","","",
"Cote d'Ivoire","CIV","Central government debt, total (% of GDP)","GC.DOD.TOTL.GD.ZS","","","","","","","","","","","","","","","","","","","","","","","","","","","","","","","","","","","","171.065442627283","","","","","","","","","","","","","","","","","","","","","","","","",
"Cameroon","CMR","Central government debt, total (% of GDP)","GC.DOD.TOTL.GD.ZS","","","","","","","","","","","","","","","","","","","","","","","","","","","","","","","","","","","","","","","","","","","","","","","","","","","","","","","","","","","","",
"Congo, Dem. Rep.","COD","Central government debt, total (% of GDP)","GC.DOD.TOTL.GD.ZS","","","","","","","","","","","","","","","","","","","","","","","","","","","","","","","289.844727084303","113.584666666667","128.444708097928","104.00210747895","169.786611378329","232.936231054902","243.595506269697","152.187001902338","","","","","","","","","","","","","","","","","","","","","","",
"Congo, Rep.","COG","Central government debt, total (% of GDP)","GC.DOD.TOTL.GD.ZS","","","","","","","","","","","","","","","","","","","","","","","","","","","","","","","","","","","","","","","","","","","","","","","","","","60.7968720094783","27.8758486938535","","","","","","","","","",
"Colombia","COL","Central government debt, total (% of GDP)","GC.DOD.TOTL.GD.ZS","","","","","","","","","","","","","","","","","","","","","","","","","","","","","","","","","","","","","","","5.40391549112143","19.0653508704071","17.7090216802298","","","52.535419533379","","","","","65.373562039861","68.9704241369855","72.5690223495885","62.9521961662476","65.2887562447265","67.1467580369447","79.683056954816","66.6678191158853","57.4056493415041","","","",
"Comoros","COM","Central government debt, total (% of GDP)","GC.DOD.TOTL.GD.ZS","","","","","","","","","","","","","","","","","","","","","","","","","","","","","","","","","","","","","","","","","","","","","","","","","","","","","","","","","","","","",
"Cabo Verde","CPV","Central government debt, total (% of GDP)","GC.DOD.TOTL.GD.ZS","","","","","","","","","","","","","","","","","","","","","","","","","","","","","","","","","","","","","","","","","","","","","","","","","","","","","","","","","","","","",
"Costa Rica","CRI","Central government debt, total (% of GDP)","GC.DOD.TOTL.GD.ZS","","","","","","","","","","","","","","","","","","","","","","","","","","","","","","","","","","","","","30.2540036746181","30.3293743186701","40.4024775651837","40.2721732486457","38.6669747927565","39.4903697019582","","","","","","","","","","","","","","","","","","",
"Caribbean small states","CSS","Central government debt, total (% of GDP)","GC.DOD.TOTL.GD.ZS","","","","","","","","","","","","","","","","","","","","","","","","","","","","","","","","","","","","","","","","","","","","","","","51.2723076139693","49.8490629866339","","","","","","","","","","","","",
"Cuba","CUB","Central government debt, total (% of GDP)","GC.DOD.TOTL.GD.ZS","","","","","","","","","","","","","","","","","","","","","","","","","","","","","","","","","","","","","","","","","","","","","","","","","","","","","","","","","","","","",
"Curacao","CUW","Central government debt, total (% of GDP)","GC.DOD.TOTL.GD.ZS","","","","","","","","","","","","","","","","","","","","","","","","","","","","","","","","","","","","","","","","","","","","","","","","","","","","","","","","","","","","",
"Cayman Islands","CYM","Central government debt, total (% of GDP)","GC.DOD.TOTL.GD.ZS","","","","","","","","","","","","","","","","","","","","","","","","","","","","","","","","","","","","","","","","","","","","","","","","","","","","","","","","","","","","",
"Cyprus","CYP","Central government debt, total (% of GDP)","GC.DOD.TOTL.GD.ZS","","","","","","","","","","","","","","","","","","","","","","","","","","","","","","","86.6187458378789","96.3842337020678","95.8339898010768","100.330442275555","91.6683134055663","","","","","","","","","","","","","","","","","","","","","","","","","",
"Czech Republic","CZE","Central government debt, total (% of GDP)","GC.DOD.TOTL.GD.ZS","","","","","","","","","","","","","","","","","","","","","","","","","","","","","","","","","","15.9393744992717","14.1839789649322","","","","","","","","","","","","","","","","","","","","","","","","","",
"Germany","DEU","Central government debt, total (% of GDP)","GC.DOD.TOTL.GD.ZS","","","","","","","","","","","","","","","","","","","","","","","","","","","","","","","21.0100829162179","22.0359098082079","24.1833109888399","26.3960592533607","28.0509505326032","35.1974848331648","36.4464540546626","37.0312259805221","37.0345432564334","19.1266466192324","","","","","","","","","","","","","","","","","","","","",
"Djibouti","DJI","Central government debt, total (% of GDP)","GC.DOD.TOTL.GD.ZS","","","","","","","","","","","","","","","","","","","","","","","","","","","","","","","","","","","","","","","","","","","","","","","","","","","","","","","","","","","","",
"Dominica","DMA","Central government debt, total (% of GDP)","GC.DOD.TOTL.GD.ZS","","","","","","","","","","","","","","","","","","","","","","","","","","","","","","","","","","","","","","","","","","","","","","","","","","","","","","","","","","","","",
"Denmark","DNK","Central government debt, total (% of GDP)","GC.DOD.TOTL.GD.ZS","","","","","","","","","","","","","","","","","","","","","","","","","","","","","","","","62.1353715549511","66.6274703025094","78.2391494592879","75.2615702831118","","","","","","","","","","","","","","","","","","","","","","","","","",
"Dominican Republic","DOM","Central government debt, total (% of GDP)","GC.DOD.TOTL.GD.ZS","","","","","","","","","","","","","","","","","","","","","","","","","","","","","","","","","","","","","20.9601830753133","17.5702324990029","","16.4168038368014","","","","","","","","","","","","","","","","","","","","",
"Algeria","DZA","Central government debt, total (% of GDP)","GC.DOD.TOTL.GD.ZS","","","","","","","","","","","","","","","","","","","","","","","","","","","","","","","","","","","","","","","","","","","","","","","","","","","","","","","","","","","","",
"East Asia & Pacific (excluding high income)","EAP","Central government debt, total (% of GDP)","GC.DOD.TOTL.GD.ZS","","","","","","","","","","","","","","","","","","","","","","","","","","","","","","","","","","","","","","","","","","","","","","","","","","","","","","","","","","","","",
"Early-demographic dividend","EAR","Central government debt, total (% of GDP)","GC.DOD.TOTL.GD.ZS","","","","","","","","","","","","","","","","","","","","","","","","","","","","","","","","","","","","","","","","","","","","","","","","","","","","","","","","","","","","",
"East Asia & Pacific","EAS","Central government debt, total (% of GDP)","GC.DOD.TOTL.GD.ZS","","","","","","","","","","","","","","","","","","","","","","","","","","","","","","","","","","","","","","","","","","","","","","","","","","","","","","","","","","","","",
"Europe & Central Asia (excluding high income)","ECA","Central government debt, total (% of GDP)","GC.DOD.TOTL.GD.ZS","","","","","","","","","","","","","","","","","","","","","","","","","","","","","","","","","","","","","","","103.029286970055","","","","","","","","","","17.5910714157383","22.4805346357989","21.4883287026672","20.7502084090018","19.9049607208741","18.3706490923984","20.8642124334966","22.6035792382403","23.9838246821668","","","",
"Europe & Central Asia","ECS","Central government debt, total (% of GDP)","GC.DOD.TOTL.GD.ZS","","","","","","","","","","","","","","","","","","","","","","","","","","","","","","","","","","","","","","","","","","","","","","","","","","","","","","","","","","","","",
"Ecuador","ECU","Central government debt, total (% of GDP)","GC.DOD.TOTL.GD.ZS","","","","","","","","","","","","","","","","","","","","","","","","","","","","","","","","","","","","","","","","","","","","","","","","","","","","","","","","","","","","",
"Egypt, Arab Rep.","EGY","Central government debt, total (% of GDP)","GC.DOD.TOTL.GD.ZS","","","","","","","","","","","","","","","","","","","","","","","","","","","","","","","","","","","","","","","","","","","","","","","","85.7885338345865","","","","","","","","","","","","",
"Euro area","EMU","Central government debt, total (% of GDP)","GC.DOD.TOTL.GD.ZS","","","","","","","","","","","","","","","","","","","","","","","","","","","","","","","","","","","","","","","","","","","","","","","","","","","","","","","","","","","","",
"Eritrea","ERI","Central government debt, total (% of GDP)","GC.DOD.TOTL.GD.ZS","","","","","","","","","","","","","","","","","","","","","","","","","","","","","","","","","","","","","","","","","","","","","","","","","","","","","","","","","","","","",
"Spain","ESP","Central government debt, total (% of GDP)","GC.DOD.TOTL.GD.ZS","","","","","","","","","","","2007.9641896889","1772.19904344825","","","","","","","","","","","","","","","","","","","","","","","","54.5038340137949","60.2495849169113","59.7628515475797","60.3537237568415","55.3409298197472","52.8661871638773","48.872860862955","47.8625094273106","44.0058106785114","43.1702599347779","40.4665051802731","35.9299060057941","32.1034645685306","37.1569939264107","50.7459947538718","53.6134065904803","61.9285620109326","83.8725888198885","99.4018814254977","111.597743519219","104.398217834259","104.114614302675","","","",
"Estonia","EST","Central government debt, total (% of GDP)","GC.DOD.TOTL.GD.ZS","","","","","","","","","","","","","","","","","","","","","","","","","","","","","","","","","","","","","","","","","","","","","","","","","","","","","","","","","","","","",
"Ethiopia","ETH","Central government debt, total (% of GDP)","GC.DOD.TOTL.GD.ZS","","","","","","","","","","","","","","","","","","","","","","","","","","","","","","","48.3529569208809","50.8858787649859","44.3811735667036","73.2874344892619","92.5041549448277","82.6296763565148","72.1500093626094","69.4216870598482","77.9616791099719","85.5546979166054","","","","","","","","","","","","","","10.733283781495","","","","","","",
"European Union","EUU","Central government debt, total (% of GDP)","GC.DOD.TOTL.GD.ZS","","","","","","","","","","","","","","","","","","","","","","","","","","","","","","","","","","","","","","","","","","","","","","","","","","","","","","","","","","","","",
"Fragile and conflict affected situations","FCS","Central government debt, total (% of GDP)","GC.DOD.TOTL.GD.ZS","","","","","","","","","","","","","","","","","","","","","","","","","","","","","","","","","","","","","","","","","","","","","","","","","","","","","","","","","","","","",
"Finland","FIN","Central government debt, total (% of GDP)","GC.DOD.TOTL.GD.ZS","","","","","","","","","","","","","","","","","","","","","","","","","","","","","","","10.4697492426661","17.0031065923779","34.0788080381459","51.6006709400119","58.2352177727349","","","","","","","","","","","","","","","","","","","","","","","","","",
"Fiji","FJI","Central government debt, total (% of GDP)","GC.DOD.TOTL.GD.ZS","","","","","","","","","","","","","","","","","","","","","","","","","","","","","","","","36.8418217433888","33.6867480345741","36.5528455284553","36.6378536147283","","","","","","","","","","","","","","","","","","","","","","","","","",
"France","FRA","Central government debt, total (% of GDP)","GC.DOD.TOTL.GD.ZS","","","","","","","","","","","","","","","","","","","","","","","","","","","","","","","","","","","","","","","","","","","","","","","","","","","","","","","","","","","","",
"Faroe Islands","FRO","Central government debt, total (% of GDP)","GC.DOD.TOTL.GD.ZS","","","","","","","","","","","","","","","","","","","","","","","","","","","","","","","","","","","","","","","","","","","","","","","","","","","","","","","","","","","","",
"Micronesia, Fed. Sts.","FSM","Central government debt, total (% of GDP)","GC.DOD.TOTL.GD.ZS","","","","","","","","","","","","","","","","","","","","","","","","","","","","","","","","","","","","","","","","","","","","","","","","","26.6369642475366","25.4705106000106","24.1889966893213","25.2668532676591","27.2082916958857","26.4207899238262","23.4832792137344","30.0676182507947","25.5741634626227","","","",
"Gabon","GAB","Central government debt, total (% of GDP)","GC.DOD.TOTL.GD.ZS","","","","","","","","","","","","","","","","","","","","","","","","","","","","","","","","","","","","","","","","","","","","","","","","","","","","","","","","","","","","",
"United Kingdom","GBR","Central government debt, total (% of GDP)","GC.DOD.TOTL.GD.ZS","","","","","","","","","","","","","","","","","","","","","","","","","","","","","","","30.2033709452908","29.1948960284953","30.3997500632281","35.3135500060757","40.4800884599488","44.1104690172657","43.8124839500925","45.1278408941223","46.4577629186936","43.066048074107","42.8542577576718","38.8176295749321","39.6965736679978","39.5260762697039","42.9748471650313","44.3890310227953","43.8922929363627","44.8965968229749","55.6005332334048","69.3968239925111","82.4405688058831","96.1329753013902","100.296149058939","96.2587724054374","107.230621999192","106.327910756135","116.487384769112","","","",
"Georgia","GEO","Central government debt, total (% of GDP)","GC.DOD.TOTL.GD.ZS","","","","","","","","","","","","","","","","","","","","","","","","","","","","","","","","","","","","","","43.4069552999034","56.9044821887258","71.9383974879159","69.9387721330465","66.6691639196883","64.9575515349848","53.8060041335342","43.8362020703765","35.0761552362103","27.9581432787765","22.6870976473773","27.0177038935984","34.6115568306284","36.7998341633202","32.4598770123111","32.5306776014339","33.9207294588283","35.3784669216652","41.282167554699","44.3825029019792","","","",
"Ghana","GHA","Central government debt, total (% of GDP)","GC.DOD.TOTL.GD.ZS","","","","","","","","","","","","","","","","","","","","","","","","","","","","","","","","","","","","","","","","","","","","","","","","","","","","","","","","","","","","",
"Gibraltar","GIB","Central government debt, total (% of GDP)","GC.DOD.TOTL.GD.ZS","","","","","","","","","","","","","","","","","","","","","","","","","","","","","","","","","","","","","","","","","","","","","","","","","","","","","","","","","","","","",
"Guinea","GIN","Central government debt, total (% of GDP)","GC.DOD.TOTL.GD.ZS","","","","","","","","","","","","","","","","","","","","","","","","","","","","","","","","","","","","","","","","","","","","","","","","","","","","","","","","","","","","",
"Gambia, The","GMB","Central government debt, total (% of GDP)","GC.DOD.TOTL.GD.ZS","","","","","","","","","","","","","","","","","","","","","","","","","","","","","","","","","","","","","","","","","","","","","","","","","","","","","","","","","","","","",
"Guinea-Bissau","GNB","Central government debt, total (% of GDP)","GC.DOD.TOTL.GD.ZS","","","","","","","","","","","","","","","","","","","","","","","","","","","","","","","","","","","","","","","","","","","","","","","","","","","","","","","","","","","","",
"Equatorial Guinea","GNQ","Central government debt, total (% of GDP)","GC.DOD.TOTL.GD.ZS","","","","","","","","","","","","","","","","","","","","","","","","","","","","","","","","","","","","","","","","","","","","","","","","","","","","","","","","","","","","",
"Greece","GRC","Central government debt, total (% of GDP)","GC.DOD.TOTL.GD.ZS","","","","","","","","","","","","","","","","","","","","","","","","","","","","","","","","","","","","","","","","","","","","","","","","","","","","","","","","","","","","",
"Grenada","GRD","Central government debt, total (% of GDP)","GC.DOD.TOTL.GD.ZS","","","","","","","","","","","","","","","","","","","","","","","","","","","","","","","","","","","","","","","","","","","","","","","","","","","","","","","","","","","","",
"Greenland","GRL","Central government debt, total (% of GDP)","GC.DOD.TOTL.GD.ZS","","","","","","","","","","","","","","","","","","","","","","","","","","","","","","","","","","","","","","","","","","","","","","","","","","","","","","","","","","","","",
"Guatemala","GTM","Central government debt, total (% of GDP)","GC.DOD.TOTL.GD.ZS","","","","","","","","","","","","","","","","","","","","","","","","","","","","","","","24.4806851423724","17.7517913078306","15.8312193134152","13.6225081203374","13.1619490409219","11.404999017517","11.2418328744629","11.3452176738095","11.2801678443371","13.4701885924417","16.9838230125754","19.9465026858538","18.3935997670655","20.7110411048023","21.7859460652349","21.2624786769833","21.8766768090654","21.6355735670806","20.0539450272893","23.017233975267","24.4197869377335","24.1625898129509","24.3112735898706","24.80987234289","23.2970727082014","22.9881410888278","22.1150708200206","","","",
"Guam","GUM","Central government debt, total (% of GDP)","GC.DOD.TOTL.GD.ZS","","","","","","","","","","","","","","","","","","","","","","","","","","","","","","","","","","","","","","","","","","","","","","","","","","","","","","","","","","","","",
"Guyana","GUY","Central government debt, total (% of GDP)","GC.DOD.TOTL.GD.ZS","","","","","","","","","","","","","","","","","","","","","","","","","","","","","","","","","","","","","","","","","","","","","","","","","","","","","","","","","","","","",
"High income","HIC","Central government debt, total (% of GDP)","GC.DOD.TOTL.GD.ZS","","","","","","","","","","","","","","","","","","","","","","","","","","","","","","","37.9689361383296","39.7974349036282","41.8702170663759","41.6789465562575","44.1822253348434","46.4936779491072","47.4166215916559","47.6057952283504","48.9731785619","46.8189187514145","","","","","","","","","","","","","","","","","","","","",
"Hong Kong SAR, China","HKG","Central government debt, total (% of GDP)","GC.DOD.TOTL.GD.ZS","","","","","","","","","","","","","","","","","","","","","","","","","","","","","","","","","","","","","","","","","","","","","","","","","","","","","","","","","","","","",
"Honduras","HND","Central government debt, total (% of GDP)","GC.DOD.TOTL.GD.ZS","","","","","","","","","","","","","","","","","","","","","","","","","","","","","","","","","","","","","","","","","","","","","","","","","","","","","","","","","","","","",
"Heavily indebted poor countries (HIPC)","HPC","Central government debt, total (% of GDP)","GC.DOD.TOTL.GD.ZS","","","","","","","","","","","","","","","","","","","","","","","","","","","","","","","","","","","","","","","","","","","","","","","","","","","","","","","","","","","","",
"Croatia","HRV","Central government debt, total (% of GDP)","GC.DOD.TOTL.GD.ZS","","","","","","","","","","","","","","","","","","","","","","","","","","","","","","","","","","","","","","","","","","","","","","","","","","","","","","","","","","","","",
"Haiti","HTI","Central government debt, total (% of GDP)","GC.DOD.TOTL.GD.ZS","","","","","","","","","","","","","","","","","","","","","","","","","","","","","","","","","","","","","","","","","","","","","","","","","","","","","","","","","","","","",
"Hungary","HUN","Central government debt, total (% of GDP)","GC.DOD.TOTL.GD.ZS","","","","","","","","","","","","","","","","","","","","","","","","","","","","","","","","71.2379680509236","75.4866847352811","86.1260515073194","83.330875947135","86.0048601411364","74.8221402031656","67.0717325754432","63.74962451481","66.254602479709","60.6862403908772","58.9388288602979","58.6200427220717","59.3508838900924","62.6467861044858","64.8750791227613","68.1352405415073","68.7046299536289","72.0501860178284","80.3321555925682","80.9770274302296","90.1795439368212","93.8580415234128","94.0952257214347","98.1949840507861","96.8614830495977","97.3310677234426","","","",
"IBRD only","IBD","Central government debt, total (% of GDP)","GC.DOD.TOTL.GD.ZS","","","","","","","","","","","","","","","","","","","","","","","","","","","","","","","","","","","","","","","","","","","","","","","","","","","","","","","","","","","","",
"IDA & IBRD total","IBT","Central government debt, total (% of GDP)","GC.DOD.TOTL.GD.ZS","","","","","","","","","","","","","","","","","","","","","","","","","","","","","","","","","","","","","","","","","","","","","","","","","","","","","","","","","","","","",
"IDA total","IDA","Central government debt, total (% of GDP)","GC.DOD.TOTL.GD.ZS","","","","","","","","","","","","","","","","","","","","","","","","","","","","","","","","","","","","","","","","","","","","","","","","","","","","","","","","","","","","",
"IDA blend","IDB","Central government debt, total (% of GDP)","GC.DOD.TOTL.GD.ZS","","","","","","","","","","","","","","","","","","","","","","","","","","","","","","","","","","","","","","","","","","","","","","","","","","","","","","","","","","","","",
"Indonesia","IDN","Central government debt, total (% of GDP)","GC.DOD.TOTL.GD.ZS","","","","","","","","","","","","","","","","","","","","","","","","","","","","","","","45.7414523316285","40.2756295663842","42.7093574260874","37.4975968521644","36.5705901605804","30.8043248823304","23.92314220907","72.4853185253111","55.2040876648634","45.2079671076106","","","32.2241265309989","29.7173962466428","","","","","34.2250282105616","29.997306381567","26.1661592780011","24.8651446692593","25.0344008432509","27.7819272178664","27.4216121994064","30.309126137804","31.366190714778","","","",
"IDA only","IDX","Central government debt, total (% of GDP)","GC.DOD.TOTL.GD.ZS","","","","","","","","","","","","","","","","","","","","","","","","","","","","","","","","","","","","","","","","","","","","","","","","","","","","","","","","","","","","",
"Isle of Man","IMN","Central government debt, total (% of GDP)","GC.DOD.TOTL.GD.ZS","","","","","","","","","","","","","","","","","","","","","","","","","","","","","","","","","","","","","","","","","","","","","","","","","","","","","","","","","","","","",
"India","IND","Central government debt, total (% of GDP)","GC.DOD.TOTL.GD.ZS","","","","","","","","","","","","","","","","","","","","","","","","","","","","","","","50.7832525795773","50.0100791614571","49.6809001709534","51.7598070502102","49.5942815164763","47.4916401655515","45.7233066085818","50.3654349210303","50.3192169688381","51.3529502095155","55.0042451793675","59.017908384427","62.5527697981275","62.1900524079553","62.5929752455174","62.2265202877104","59.6667300486129","57.4975370825748","57.2922182776245","55.2564421344724","51.5919110057644","51.5565536600977","50.6780305618952","50.3118273627008","","","","","","",
"Not classified","INX","Central government debt, total (% of GDP)","GC.DOD.TOTL.GD.ZS","","","","","","","","","","","","","","","","","","","","","","","","","","","","","","","","","","","","","","","","","","","","","","","","","","","","","","","","","","","","",
"Ireland","IRL","Central government debt, total (% of GDP)","GC.DOD.TOTL.GD.ZS","","","","","","","","","","","","","","","","","","","","","","","","","","","","","","","","","","","","","","","60.0875189041919","49.2257645149106","38.9027901825165","35.0545051925523","33.7578377693978","32.4293905171994","30.9138796254861","30.788487633198","27.0425378520392","26.9733504975566","46.8074999512846","66.6970216539395","82.6024574976042","112.471687736705","130.084312026127","131.578730220002","121.293079734391","88.5218484996919","84.8295535010247","","","",
"Iran, Islamic Rep.","IRN","Central government debt, total (% of GDP)","GC.DOD.TOTL.GD.ZS","","","","","","","","","","","","","","","","","","","","","","","","","","","","","","","","","","","","","","","","","","","","","","","","","","","","","","","","","","","","",
"Iraq","IRQ","Central government debt, total (% of GDP)","GC.DOD.TOTL.GD.ZS","","","","","","","","","","","","","","","","","","","","","","","","","","","","","","","","","","","","","","","","","","","","","","","","","","","","","","","","25.7368722825666","28.8496488963411","","","",
"Iceland","ISL","Central government debt, total (% of GDP)","GC.DOD.TOTL.GD.ZS","","","","","","","","","","","","","","","","","","","","","","","","","","","","","","","29.8694677729495","31.2681629399946","37.5923714463574","42.9971244040295","44.0383078792046","46.2750998308653","45.6244888057908","68.3635201364558","63.2480936118709","59.2265094150066","58.4005066662033","60.5010395440536","56.4432230894864","54.5175101915257","48.246749898524","38.1799107801555","42.9037388389235","40.7822909441853","77.9389081469783","96.9238517035801","102.4201537745","109.35016121934","108.46552453756","","","","73.1811978838547","","","",
"Israel","ISR","Central government debt, total (% of GDP)","GC.DOD.TOTL.GD.ZS","","","","","","","","","","","","","","","","","","","","","","","","","","","","","","","139.050193654576","123.903975613717","120.110214218455","117.735106502391","108.931612049846","104.494726933318","102.875282594265","97.3558890302449","98.2677925994359","91.5650253214835","","","","","","","","","","","","","","","","","","","","",
"Italy","ITA","Central government debt, total (% of GDP)","GC.DOD.TOTL.GD.ZS","","","","","","","","","","","","","","","","","","","","","","","","","","","","","","","","71.6594626965471","77.7200247666123","","","","","","","","","","","","","","","","","","","","","","","","","","","",
"Jamaica","JAM","Central government debt, total (% of GDP)","GC.DOD.TOTL.GD.ZS","","","","","","","","","","","","","","","","","","","","","","","","","","","","","","","138.741327638319","232.832210578933","123.606951339215","112.197175107941","94.6607428923022","83.8611841763718","72.2521952357009","73.7000090787124","81.6705597000984","88.9636436472209","98.3341557109605","117.535033564029","127.777467033609","127.433255587593","122.008068595913","121.00247616654","117.698811478754","112.989990199089","120.339824591656","134.678769793404","136.224334891016","133.978459775192","137.934669887058","135.900563085005","132.427116865326","124.66873246736","122.654911981114","","","",
"Jordan","JOR","Central government debt, total (% of GDP)","GC.DOD.TOTL.GD.ZS","","","","","","","","","","","","","","","","","","","","","","","","","","","","","","","128.799599970243","129.999661933739","152.590890012204","125.613252736486","116.419016312888","105.065237210427","106.221100182938","100.380576515134","101.17186762596","99.9159494888309","93.7150185142276","90.8256482983082","85.0745468121151","88.9180503307396","89.0247017437035","79.9519239759384","72.6251637040321","69.9589120189815","56.2096108677712","60.6983174491117","61.1681274900398","61.7447472334617","66.8553860168527","75.5352655386162","79.4257363856551","","75.3859144807761","","","",
"Japan","JPN","Central government debt, total (% of GDP)","GC.DOD.TOTL.GD.ZS","","","","","","","","","","","","","","","","","","","","","","","","","","","","","","","52.8940705476198","38.8540514210139","39.6306840562215","42.8988210970924","56.0436832565129","61.735523177919","66.4992604699558","74.1426679210136","81.5738479937273","91.9963136854332","100.460883301121","104.441334212866","113.602204865169","124.032485792123","129.874172065938","130.462680450451","130.828972913551","134.218175238796","140.413434816734","158.874629469603","162.296406603406","177.960942881533","186.02541795533","188.88147596982","194.42805268197","197.284422677265","196.416942668695","","","",
"Kazakhstan","KAZ","Central government debt, total (% of GDP)","GC.DOD.TOTL.GD.ZS","","","","","","","","","","","","","","","","","","","","","","","","","","","","","","","","","","","","","","","","","","","","","","","","","","","9.52296325134078","8.80131007226425","10.4981138465889","10.8406391538642","12.6469696266918","19.307916061599","16.7692758640144","","","",
"Kenya","KEN","Central government debt, total (% of GDP)","GC.DOD.TOTL.GD.ZS","","","","","","","","","","","","","","","","","","","","","","","","","","","","","","","","","","","","","","","","","","","","","","","","","","","","","","","","","","","","",
"Kyrgyz Republic","KGZ","Central government debt, total (% of GDP)","GC.DOD.TOTL.GD.ZS","","","","","","","","","","","","","","","","","","","","","","","","","","","","","","","","","","","","","","","","","","","","","","","","","","","","","","","53.8893270176244","72.4565575830671","60.4735108680683","","","",
"Cambodia","KHM","Central government debt, total (% of GDP)","GC.DOD.TOTL.GD.ZS","","","","","","","","","","","","","","","","","","","","","","","","","","","","","","","","","","","","","","","","","","","","","","","","","","","","","","","","","","","","",
"Kiribati","KIR","Central government debt, total (% of GDP)","GC.DOD.TOTL.GD.ZS","","","","","","","","","","","","","","","","","","","","","","","","","","","","","","","","","","","","","","","","","","","","","","","","","","","","","","","","","","","","",
"St. Kitts and Nevis","KNA","Central government debt, total (% of GDP)","GC.DOD.TOTL.GD.ZS","","","","","","","","","","","","","","","","","","","","","","","","","","","","","","","","","","","","","","","","","","","76.6784860969455","89.1816724950194","86.9923491520055","87.4429869321162","83.008646112955","92.4009070911253","90.6542515491245","101.70108130606","106.510120545024","105.194327742938","99.8861384414531","69.1084988221447","59.8837040943668","","","","","",
"Korea, Rep.","KOR","Central government debt, total (% of GDP)","GC.DOD.TOTL.GD.ZS","","","","","","","","","","","","","","","","","","","","","","","","","","","","","","","7.54985906289088","10.3973924677617","10.150131336559","9.35197019289285","8.32281121211012","7.35253146746848","7.0014848044481","8.87060568446589","","","","","","","","","","","","","","","33.8831703384941","36.6739436147754","38.3878017121372","39.7437106767763","40.3607233268095","","","",
"Kuwait","KWT","Central government debt, total (% of GDP)","GC.DOD.TOTL.GD.ZS","","","","","","","","","","","","","","","","","","","","","","","","","","","","","","","","","","","","","","","","","","","","","","","","","","","","","","","","","","","","",
"Latin America & Caribbean (excluding high income)","LAC","Central government debt, total (% of GDP)","GC.DOD.TOTL.GD.ZS","","","","","","","","","","","","","","","","","","","","","","","","","","","","","","","","","","","","","","","","","","","","","","","","","","","","","","","","","","","","",
"Lao PDR","LAO","Central government debt, total (% of GDP)","GC.DOD.TOTL.GD.ZS","","","","","","","","","","","","","","","","","","","","","","","","","","","","","","","","","","","","","","","","","","","","","","","","","","","","","","","","","","","","",
"Lebanon","LBN","Central government debt, total (% of GDP)","GC.DOD.TOTL.GD.ZS","","","","","","","","","","","","","","","","","","","","","","","","","","","","","","","","","","","","","","96.9088659793814","106.957053807029","128.641269114899","","","","","","","","","","","","","","","","","","","","",
"Liberia","LBR","Central government debt, total (% of GDP)","GC.DOD.TOTL.GD.ZS","","","","","","","","","","","","","","","","","","","","","","","","","","","","","","","","","","","","","","","","","","","","","","","","","","","","21.7306088407006","20.8452774715178","","","","","","","",
"Libya","LBY","Central government debt, total (% of GDP)","GC.DOD.TOTL.GD.ZS","","","","","","","","","","","","","","","","","","","","","","","","","","","","","","","","","","","","","","","","","","","","","","","","","","","","","","","","","","","","",
"St. Lucia","LCA","Central government debt, total (% of GDP)","GC.DOD.TOTL.GD.ZS","","","","","","","","","","","","","","","","","","","","","","","","","","","","","","","","","","","","","","","","","34.5143883271318","44.8016431258937","55.9326235929032","54.2359674235341","55.4206477618092","58.1620952878422","52.759552794074","47.3041169258421","46.5207999816012","47.56397683621","48.5831965668086","54.0834671764514","61.5407314212703","63.9823370350729","65.5185968437485","","","","","",
"Latin America & Caribbean","LCN","Central government debt, total (% of GDP)","GC.DOD.TOTL.GD.ZS","","","","","","","","","","","","","","","","","","","","","","","","","","","","","","","","","","","","","","","","","","","","","","","","","","","","","","","","","","","","",
"Least developed countries: UN classification","LDC","Central government debt, total (% of GDP)","GC.DOD.TOTL.GD.ZS","","","","","","","","","","","","","","","","","","","","","","","","","","","","","","","","","","","","","","","","","","","","","","","","","","","","","","","","","","","","",
"Low income","LIC","Central government debt, total (% of GDP)","GC.DOD.TOTL.GD.ZS","","","","","","","","","","","","","","","","","","","","","","","","","","","","","","","","","","","","","","","","","","","","","","","","","","","","","","","","","","","","",
"Liechtenstein","LIE","Central government debt, total (% of GDP)","GC.DOD.TOTL.GD.ZS","","","","","","","","","","","","","","","","","","","","","","","","","","","","","","","","","","","","","","","","","","","","","","","","","","","","","","","","","","","","",
"Sri Lanka","LKA","Central government debt, total (% of GDP)","GC.DOD.TOTL.GD.ZS","","","","","","","","","","","","","","","","","","","","","","","","","","","","","","","96.5806255127663","98.4833957754233","95.3619119503954","96.7978140982655","94.8553232346257","94.6498205974494","92.343984335944","86.105931670321","89.1958239111344","95.1081546127673","96.9040326453759","103.219274149885","105.524990754701","102.270712023476","102.328536698869","90.6049131149854","88.6994841221229","84.9944169483341","","86.063491912486","71.585318439823","71.1081093769161","68.710394650639","70.8211060610562","71.332798378903","77.6503941209344","","","","",
"Lower middle income","LMC","Central government debt, total (% of GDP)","GC.DOD.TOTL.GD.ZS","","","","","","","","","","","","","","","","","","","","","","","","","","","","","","","54.150090680895","51.6528163385053","51.6030770194471","53.4257232226309","","","","","55.2229176326091","51.1918547821399","","","54.4225643568962","","","","","","48.8896475742823","47.5754052097082","44.6005106911331","44.1104533374498","","","","","","","","",
"Low & middle income","LMY","Central government debt, total (% of GDP)","GC.DOD.TOTL.GD.ZS","","","","","","","","","","","","","","","","","","","","","","","","","","","","","","","","","","","","","","","","","","","","","","","","","","","","","","","","","","","","",
"Lesotho","LSO","Central government debt, total (% of GDP)","GC.DOD.TOTL.GD.ZS","","","","","","","","","","","","","","","","","","","","","","","","","","","","","","","","","","","","","","","","","","","","","","","","","","","","","","","","","","","","",
"Late-demographic dividend","LTE","Central government debt, total (% of GDP)","GC.DOD.TOTL.GD.ZS","","","","","","","","","","","","","","","","","","","","","","","","","","","","","","","","","","","","","","","","","","","","","","","","","","","","","","","","","","","","",
"Lithuania","LTU","Central government debt, total (% of GDP)","GC.DOD.TOTL.GD.ZS","","","","","","","","","","","","","","","","","","","","","","","","","","","","","","","","","","","","","","","","","","","","","","","","","","","","","","","","","","","","",
"Luxembourg","LUX","Central government debt, total (% of GDP)","GC.DOD.TOTL.GD.ZS","","","","","","","","","","","","","","","","","","","","","","","","","","","","","","","2.43434946546257","1.88995376231467","2.53287319181684","2.80255434132565","","","","","","","","","","","","","","","","","","","","","","","","","","",
"Latvia","LVA","Central government debt, total (% of GDP)","GC.DOD.TOTL.GD.ZS","","","","","","","","","","","","","","","","","","","","","","","","","","","","","","","","","","","9.02152038159077","","","","","","","","","","","","","","","","","","","","","","","","","",
"Macao SAR, China","MAC","Central government debt, total (% of GDP)","GC.DOD.TOTL.GD.ZS","","","","","","","","","","","","","","","","","","","","","","","","","","","","","","","","","","","","","","","","","","","","","","","","","","","","","","","","","","","","",
"St. Martin (French part)","MAF","Central government debt, total (% of GDP)","GC.DOD.TOTL.GD.ZS","","","","","","","","","","","","","","","","","","","","","","","","","","","","","","","","","","","","","","","","","","","","","","","","","","","","","","","","","","","","",
"Morocco","MAR","Central government debt, total (% of GDP)","GC.DOD.TOTL.GD.ZS","","","","","","","","","","","","","","","","","","","","","","","","","","","","","","","87.1967599759139","62.0674162757784","70.9378689831812","74.12313156115","69.8259155220588","68.3949152787535","","64.4624151446094","61.1859346067606","61.6171338240012","","","54.0303385454133","","","59.2699927731566","54.80562992585","50.9355551094158","45.4427659043265","47.5036306769826","50.9624992353025","55.6277203238232","","","","","","","","",
"Monaco","MCO","Central government debt, total (% of GDP)","GC.DOD.TOTL.GD.ZS","","","","","","","","","","","","","","","","","","","","","","","","","","","","","","","","","","","","","","","","","","","","","","","","","","","","","","","","","","","","",
"Moldova","MDA","Central government debt, total (% of GDP)","GC.DOD.TOTL.GD.ZS","","","","","","","","","","","","","","","","","","","","","","","","","","","","","","","","","","","","37.6286611371025","40.1231820920436","48.0869353115827","82.8327822731422","77.8984533931353","73.0188685605433","60.7746432557048","59.5592506390136","52.5339189609093","51.9546574016172","32.4252163949683","29.1790519570973","23.239752383563","18.4426494931108","27.6322264363496","21.9325613610474","19.7666738542045","20.3471393261885","19.9179521087551","20.8265355816666","21.2695199753568","31.8856692606523","","","",
"Madagascar","MDG","Central government debt, total (% of GDP)","GC.DOD.TOTL.GD.ZS","","","","","","","","","","","","","","","","","","","","","","","","","","","","","","","","","","","","","","","","","","","","","","","","","","","","","","","","","","","","",
"Maldives","MDV","Central government debt, total (% of GDP)","GC.DOD.TOTL.GD.ZS","","","","","","","","","","","","","","","","","","","","","","","","","","","","","","","30.7823377634974","35.5734695506425","41.6154638148062","45.5515611288816","44.2117002448663","47.3520580907562","43.0352763629504","39.670387725631","40.9867359654762","40.126298421858","40.8644099852265","31.2308703408131","33.5908378331301","30.3523770936084","27.2730426643921","33.9271150397616","29.5408843071306","29.1842777540108","30.3431523048305","46.1935516743923","54.8854181471638","57.2981206101706","","","","","","","","",
"Middle East & North Africa","MEA","Central government debt, total (% of GDP)","GC.DOD.TOTL.GD.ZS","","","","","","","","","","","","","","","","","","","","","","","","","","","","","","","","","","","","","","","","","","","","","","","","","","","","","","","","","","","","",
"Mexico","MEX","Central government debt, total (% of GDP)","GC.DOD.TOTL.GD.ZS","","","","","","","","","","","","","","","","","","","","","","","","","","","","","","","46.6268573934833","38.2182364854974","28.1470540238128","20.3751277473288","28.1564317988895","32.4583813750253","25.166017817526","20.6491358972825","22.2436286767288","20.485055142091","19.0694868180981","","","","","","","","","","","","","","","","","","","",
"Marshall Islands","MHL","Central government debt, total (% of GDP)","GC.DOD.TOTL.GD.ZS","","","","","","","","","","","","","","","","","","","","","","","","","","","","","","","","","","","","","","","","","","","","","","","","","62.6424159640078","64.4629436335938","63.8245435054201","53.0037631240394","47.9935381633331","41.3793946356619","50.3016688937879","48.543533897725","50.4101754312","","","",
"Middle income","MIC","Central government debt, total (% of GDP)","GC.DOD.TOTL.GD.ZS","","","","","","","","","","","","","","","","","","","","","","","","","","","","","","","","","","","","","","","","","","","","","","","","","","","","","","","","","","","","",
"North Macedonia","MKD","Central government debt, total (% of GDP)","GC.DOD.TOTL.GD.ZS","","","","","","","","","","","","","","","","","","","","","","","","","","","","","","","","","","","","","","","","","","","","","","","","","","","","","","","","","","","","",
"Mali","MLI","Central government debt, total (% of GDP)","GC.DOD.TOTL.GD.ZS","","","","","","","","","","","","","","","","","","","","","","","","","","","","","","","","","","","","","","","","","","","","","","","","","","","","","","","","","","","","",
"Malta","MLT","Central government debt, total (% of GDP)","GC.DOD.TOTL.GD.ZS","","","","","","","","","","","","","","","","","","","","","","","","","","","","","","","46.911699356094","52.9265857269406","56.8779064413714","66.640517062744","69.8052683972446","","","","","","","","","","","","","","","","","","","","","","","","","",
"Myanmar","MMR","Central government debt, total (% of GDP)","GC.DOD.TOTL.GD.ZS","","","","","","","","","","","","","","","","","","","","","","","","","","","","","","","","","","","","","","","","","","","","","","","","","","","","","","","","","","","","",
"Middle East & North Africa (excluding high income)","MNA","Central government debt, total (% of GDP)","GC.DOD.TOTL.GD.ZS","","","","","","","","","","","","","","","","","","","","","","","","","","","","","","","","","","","","","","","","","","","","","","","","","","","","","","","","","","","","",
"Montenegro","MNE","Central government debt, total (% of GDP)","GC.DOD.TOTL.GD.ZS","","","","","","","","","","","","","","","","","","","","","","","","","","","","","","","","","","","","","","","","","","","","","","","","","","","","","","","","","","","","",
"Mongolia","MNG","Central government debt, total (% of GDP)","GC.DOD.TOTL.GD.ZS","","","","","","","","","","","","","","","","","","","","","","","","","","","","","","","","","20.621673383358","41.4415301033198","51.434529837839","37.0712826765271","49.4796320305737","54.6275786922475","71.5753340452053","83.9144976966664","78.41832770873","69.0997980938579","","95.7255313439215","","","50.4944776193297","43.5140123874587","","59.507115138108","","","","","","","","","","",
"Northern Mariana Islands","MNP","Central government debt, total (% of GDP)","GC.DOD.TOTL.GD.ZS","","","","","","","","","","","","","","","","","","","","","","","","","","","","","","","","","","","","","","","","","","","","","","","","","","","","","","","","","","","","",
"Mozambique","MOZ","Central government debt, total (% of GDP)","GC.DOD.TOTL.GD.ZS","","","","","","","","","","","","","","","","","","","","","","","","","","","","","","","","","","","","","","","","","","","","","","","","","","","","","","","","","","","","",
"Mauritania","MRT","Central government debt, total (% of GDP)","GC.DOD.TOTL.GD.ZS","","","","","","","","","","","","","","","","","","","","","","","","","","","","","","","","","","","","","","","","","","","","","","","","","","","","","","","","","","","","",
"Mauritius","MUS","Central government debt, total (% of GDP)","GC.DOD.TOTL.GD.ZS","","","","","","","","","","","","","","","","","","","","","","","","","","","","","","","39.650354969574","39.9249411464254","31.9560090496516","30.2257647898028","31.1625445386685","32.8686059430308","35.7506763503128","35.8235591774207","33.5950566069207","31.4104722422482","32.1174433246993","30.1952877912634","39.8174938237334","44.7373479983894","39.0633699322194","41.6926948228706","38.0288957688338","34.6934497337497","33.6988749498688","36.5564718463374","36.7873761596586","35.5204190571818","36.5088808021811","","","","","","","",
"Malawi","MWI","Central government debt, total (% of GDP)","GC.DOD.TOTL.GD.ZS","","","","","","","","","","","","","","","","","","","","","","","","","","","","","","","","","","","","","","","","","","","","","","","","","","29.2734146419207","28.0301095494911","27.4257346508333","41.4204771686525","36.2569334751656","40.6328150545127","39.5422371324465","55.1578705122511","48.659564238322","","",
"Malaysia","MYS","Central government debt, total (% of GDP)","GC.DOD.TOTL.GD.ZS","","","","","","","","","","","","","","","","","","","","","","","","","","","","","","","79.5366179323318","73.3198641237983","64.3777251279192","55.6921593793011","47.6199733960913","41.0698874465101","","","","","","","43.0474515411835","45.0766412986635","45.6965419186624","42.0675597614326","40.5884641486101","40.0881257702829","39.7997545288773","50.8357553824479","49.5598230655171","50.0286816425423","51.6464316160996","52.9992519246741","52.6758487332831","54.4266659070723","52.6778383779305","","","",
"North America","NAC","Central government debt, total (% of GDP)","GC.DOD.TOTL.GD.ZS","","","","","","","","","","","","","","","","","","","","","","","","","","","","","","39.128400199944","40.933943570707","44.0615972806026","46.0501444176036","48.2461403335599","47.3534821707435","47.2095352870886","46.7417685500108","44.1174698024182","41.1291489381945","37.7292772729571","33.263120248676","15.1658484819226","53.831020656133","56.2416463518739","56.6783896767545","56.5499612668647","55.4711368300526","55.745971470597","64.0622298869459","76.1779363289699","85.4642738610747","90.0547850215033","94.163413471203","96.0756025714402","96.3722706936402","96.8479213792285","99.0171145300394","","","",
"Namibia","NAM","Central government debt, total (% of GDP)","GC.DOD.TOTL.GD.ZS","","","","","","","","","","","","","","","","","","","","","","","","","","","","","","","","","","","","","","","","","","","","","","","","","16.9935714485796","15.8082771032135","16.9449717307022","23.1056935631209","20.6628679154414","23.2558678839255","23.0757673265434","","","","","",
"New Caledonia","NCL","Central government debt, total (% of GDP)","GC.DOD.TOTL.GD.ZS","","","","","","","","","","","","","","","","","","","","","","","","","","","","","","","","","","","","","","","","","","","","","","","","","","","","","","","","","","","","",
"Niger","NER","Central government debt, total (% of GDP)","GC.DOD.TOTL.GD.ZS","","","","","","","","","","","","","","","","","","","","","","","","","","","","","","","","","","","","","","","","","","","","","","","","","","","","","","","","","","","","",
"Nigeria","NGA","Central government debt, total (% of GDP)","GC.DOD.TOTL.GD.ZS","","","","","","","","","","","","","","","","","","","","","","","","","","","","","","","","","","","","","","","","","","","","","","","","","","","","","","","","","","","","",
"Nicaragua","NIC","Central government debt, total (% of GDP)","GC.DOD.TOTL.GD.ZS","","","","","","","","","","","","","","","","","","","","","","","","","","","","","","","","","","","","","","","","","","","","","","","","","","","","","","","","","","","","",
"Netherlands","NLD","Central government debt, total (% of GDP)","GC.DOD.TOTL.GD.ZS","","","","","","","","","","","","","","","","","","","","","","","","","","","","","","","54.80317756254","55.2895618060494","56.0887319193957","56.5313878230753","54.2944426708886","","","","","","","","","","","","","","","","","","","","","","","","","",
"Norway","NOR","Central government debt, total (% of GDP)","GC.DOD.TOTL.GD.ZS","","","","","","","","","","","","","","","","","","","","","","","","","","","","","","","19.8470381137812","18.5942813892647","22.342831631806","31.5607902735562","30.751981347305","","","","","","","","","","","","","","","","","","","","","","","","","",
"Nepal","NPL","Central government debt, total (% of GDP)","GC.DOD.TOTL.GD.ZS","","","","","","","","","","","","","","","","","","","","","","","","","","","","","","","52.6205809545912","64.911430440788","61.6569229882709","63.6815382338544","66.5412100044161","66.1836432074826","65.1978803839092","59.8824296913156","66.3514434343267","64.0681097896128","64.5733198414706","58.9891415877141","63.9354609821022","62.5881953798115","59.4156672858263","51.7646230480547","49.6869680346867","42.9786611378803","43.799987249558","","33.8625212320188","","","","","","","","","",
"Nauru","NRU","Central government debt, total (% of GDP)","GC.DOD.TOTL.GD.ZS","","","","","","","","","","","","","","","","","","","","","","","","","","","","","","","","","","","","","","","","","","","","","","","","","","","","","","","","","","","","",
"New Zealand","NZL","Central government debt, total (% of GDP)","GC.DOD.TOTL.GD.ZS","","","","","","","","","","","","","","","","","","","","","","","","","","","","","","","","","","","","","","","","","","","32.7763842551838","48.2453384728239","43.8675166117793","44.1698490827743","42.9255368597193","36.9411172837524","36.055648725332","31.959087984103","34.8987720833292","48.375228028381","51.8341035438882","46.5581949244339","44.2486034234919","43.4966699722957","42.4222699429698","","","",
"OECD members","OED","Central government debt, total (% of GDP)","GC.DOD.TOTL.GD.ZS","","","","","","","","","","","","","","","","","","","","","","","","","","","","","","","37.786106643013","39.3377410895226","41.0549821970713","40.6451794401078","43.5278578568529","45.6681943326637","46.3692954683587","46.5600329966596","47.4925205751251","45.6868141946372","","","","","","","","","","","","","","","","","","","","",
"Oman","OMN","Central government debt, total (% of GDP)","GC.DOD.TOTL.GD.ZS","","","","","","","","","","","","","","","","","","","","","","","","","","","","","","","","","","","","","","","","","","","","","","","","","","","","","","","","","","","","",
"Other small states","OSS","Central government debt, total (% of GDP)","GC.DOD.TOTL.GD.ZS","","","","","","","","","","","","","","","","","","","","","","","","","","","","","","","","","","","","","","","","","","","","","","","","","","","","","","","","","","","","",
"Pakistan","PAK","Central government debt, total (% of GDP)","GC.DOD.TOTL.GD.ZS","","","","","","","","","","","","","","","","","","","","","","","","","","","","","","","78.7725332004153","76.3809057325292","74.9108034822321","79.4185625198325","","","","","79.0846919843326","","74.0326404539753","","","","","","","","","","","","","","","","","","","",
"Panama","PAN","Central government debt, total (% of GDP)","GC.DOD.TOTL.GD.ZS","","","","","","","","","","","","","","","","","","","","","","","","","","","","","","","","","","","","","","","","","","","","","","","","","","","","","","","","","","","","",
"Peru","PER","Central government debt, total (% of GDP)","GC.DOD.TOTL.GD.ZS","","","","","","","","","","","","","","","","","","","","","","","","","","","","","","","189.246285557587","77.4708243281301","79.7592531936779","69.9612520250562","55.4915347082036","","","","","","","","","","","","32.5394575436311","28.5288183926826","26.076322347553","26.4008658753596","23.6817913396941","20.7202165724133","19.2166594587652","18.3944203835345","19.3249429956868","22.584066235998","23.1818536888382","","","",
"Philippines","PHL","Central government debt, total (% of GDP)","GC.DOD.TOTL.GD.ZS","","","","","","","","","","","","","","","","","","","","","","","","","","","","","","","51.3017098372967","49.6981196479839","52.7731308807089","67.1312896883395","56.4165010762393","61.0637419325051","53.1896173066989","55.6537713305447","60.1252652101889","54.5186948134479","60.5105529421147","61.3278689592537","67.0613723502298","73.7694146531069","74.4458973191661","68.4819030153202","61.4161912849847","53.8609769542866","54.66851280805","54.7789746881022","52.4038594454802","50.999369434005","51.4824182614494","49.236877231987","45.3946271793812","","","","","",
"Palau","PLW","Central government debt, total (% of GDP)","GC.DOD.TOTL.GD.ZS","","","","","","","","","","","","","","","","","","","","","","","","","","","","","","","","","","","","","","","","","","","","","","","","","23.7577660796315","24.8937222605051","33.3031460711024","26.2389989215238","26.9858992725316","22.7856426814446","21.5206657084906","60.7223635730954","66.6870544386309","","","",
"Papua New Guinea","PNG","Central government debt, total (% of GDP)","GC.DOD.TOTL.GD.ZS","","","","","","","","","","","","","","","","","","","","","","","","","","","","","","","48.9532540146935","46.6108276015088","44.8643144683874","44.3261901337552","53.5450156411045","53.6620013882835","55.6433690965017","62.4046556302616","66.3501460864216","63.5373009220452","57.7415312557776","68.2675567269125","69.7344601261207","","","","","","","","","","","","26.8946939118441","29.8755882206222","","","","",
"Poland","POL","Central government debt, total (% of GDP)","GC.DOD.TOTL.GD.ZS","","","","","","","","","","","","","","","","","","","","","","","","","","","","","","","","","","","60.4543984704576","","","","","","","","","","","","","","","","","","","","","","","","","",
"Pre-demographic dividend","PRE","Central government debt, total (% of GDP)","GC.DOD.TOTL.GD.ZS","","","","","","","","","","","","","","","","","","","","","","","","","","","","","","","","","","","","","","","","","","","","","","","","","","","","","","","","","","","","",
"Puerto Rico","PRI","Central government debt, total (% of GDP)","GC.DOD.TOTL.GD.ZS","","","","","","","","","","","","","","","","","","","","","","","","","","","","","","","","","","","","","","","","","","","","","","","","","","","","","","","","","","","","",
"Korea, Dem. People’s Rep.","PRK","Central government debt, total (% of GDP)","GC.DOD.TOTL.GD.ZS","","","","","","","","","","","","","","","","","","","","","","","","","","","","","","","","","","","","","","","","","","","","","","","","","","","","","","","","","","","","",
"Portugal","PRT","Central government debt, total (% of GDP)","GC.DOD.TOTL.GD.ZS","","","","","","","","","","","","","","","","","","","","","","","","","","","","","","","","","","8.24492619665797","5.65684778926255","","","","","","","","","","","","","","","","","","","","","","","","","",
"Paraguay","PRY","Central government debt, total (% of GDP)","GC.DOD.TOTL.GD.ZS","","","","","","","","","","","","","","","","","","","","","","","","","","","","","","","","","","","","","","","","","","","","","","","","","","","","","","","","","","","","",
"West Bank and Gaza","PSE","Central government debt, total (% of GDP)","GC.DOD.TOTL.GD.ZS","","","","","","","","","","","","","","","","","","","","","","","","","","","","","","","","","","","","","","","","","","","","","","","","","","","","","","","","","","","","",
"Pacific island small states","PSS","Central government debt, total (% of GDP)","GC.DOD.TOTL.GD.ZS","","","","","","","","","","","","","","","","","","","","","","","","","","","","","","","","","","","","","","","","","","","","","","","","","","","","","","","","","","","","",
"Post-demographic dividend","PST","Central government debt, total (% of GDP)","GC.DOD.TOTL.GD.ZS","","","","","","","","","","","","","","","","","","","","","","","","","","","","","","","37.2388659819003","39.2365560970294","41.3236305118357","41.0784641708337","43.5775276003287","46.0493387295428","46.9814432732403","47.2064432525806","48.5017095100369","46.4969262363724","","","","","","","","","","","","","","","","","","","","",
"French Polynesia","PYF","Central government debt, total (% of GDP)","GC.DOD.TOTL.GD.ZS","","","","","","","","","","","","","","","","","","","","","","","","","","","","","","","","","","","","","","","","","","","","","","","","","","","","","","","","","","","","",
"Qatar","QAT","Central government debt, total (% of GDP)","GC.DOD.TOTL.GD.ZS","","","","","","","","","","","","","","","","","","","","","","","","","","","","","","","","","","","","","","","","","","","","","","","","","","","","","","","","","","","","",
"Romania","ROU","Central government debt, total (% of GDP)","GC.DOD.TOTL.GD.ZS","","","","","","","","","","","","","","","","","","","","","","","","","","","","","","","","","","","","","","","","","","","","","","","","","","","","","","","","","","","","",
"Russian Federation","RUS","Central government debt, total (% of GDP)","GC.DOD.TOTL.GD.ZS","","","","","","","","","","","","","","","","","","","","","","","","","","","","","","","","","","","","","","","143.948999533393","100.744137724205","62.1488888669576","48.9836153351704","41.3527168644107","","","16.6608684475462","9.89107286043083","7.15843011662235","6.4952874378852","8.69786633509383","9.09810564474716","8.61692283713177","8.54382076495574","9.04888217925219","11.1964258620011","13.5396406248923","14.1758237486197","","","",
"Rwanda","RWA","Central government debt, total (% of GDP)","GC.DOD.TOTL.GD.ZS","","","","","","","","","","","","","","","","","","","","","","","","","","","","","","","49.7969202729087","47.8601030997282","48.4289742567034","","","","","","","","","","","","","","","","","","","","","","","","","","","",
"South Asia","SAS","Central government debt, total (% of GDP)","GC.DOD.TOTL.GD.ZS","","","","","","","","","","","","","","","","","","","","","","","","","","","","","","","54.8663431691112","54.1099053922396","53.5709813038202","55.8751375412703","51.0870042190605","49.0601935817871","47.2893323116682","51.4958310142157","54.4045002449022","52.7549085399804","58.1248057118019","58.361367586303","61.6453113415221","61.1803519135893","63.7277722024039","62.9667416252799","60.4269177376428","58.1640966471399","57.1360645648756","56.1816841083985","52.0404209019343","52.166716997263","51.2454227068951","50.975851485384","","","","","","",
"Saudi Arabia","SAU","Central government debt, total (% of GDP)","GC.DOD.TOTL.GD.ZS","","","","","","","","","","","","","","","","","","","","","","","","","","","","","","","","","","","","","","","","","","","","","","","","","","","","","","","","","","","","",
"Sudan","SDN","Central government debt, total (% of GDP)","GC.DOD.TOTL.GD.ZS","","","","","","","","","","","","","","","","","","","","","","","","","","","","","","","","","","","","","","","","","","","","","","","","","","","","","","","","","","","","",
"Senegal","SEN","Central government debt, total (% of GDP)","GC.DOD.TOTL.GD.ZS","","","","","","","","","","","","","","","","","","","","","","","","","","","","","","","","","","","","","","","","","","","","","","","","","","","","","","","","","","","","",
"Singapore","SGP","Central government debt, total (% of GDP)","GC.DOD.TOTL.GD.ZS","","","","","","","","","","","","","","","","","","","","","","","","","","","","","","","77.855311856756","78.97732191875","81.8827558107494","72.8796371846888","70.2818345454772","72.7804903132088","72.735334061978","71.3607292667243","82.599116639914","87.8603784550691","83.842291725532","93.9363125102557","106.332540928351","108.589983770079","101.779018993689","94.9666937754733","82.8374805427534","77.2760743035509","96.4099647516113","106.372468302322","101.449782417951","104.78518384861","107.828093624626","99.4464888561159","99.6097986729595","103.32083975193","109.39795310629","","","",
"Solomon Islands","SLB","Central government debt, total (% of GDP)","GC.DOD.TOTL.GD.ZS","","","","","","","","","","","","","","","","","","","","","","","","","","","","","","","","","","","","","","","","","","","","","","","","","","","","15.8852588849446","12.9145679584302","11.5017783763249","9.93518951566967","7.63191827149263","7.00494600241688","","","",
"Sierra Leone","SLE","Central government debt, total (% of GDP)","GC.DOD.TOTL.GD.ZS","","","","","","","","","","","","","","","","","","","","","","","","","","","","","","","","","","","","","","","","","","","","","","","","","","","","","","","","","","","","",
"El Salvador","SLV","Central government debt, total (% of GDP)","GC.DOD.TOTL.GD.ZS","","","","","","","","","","","","","","","","","","","","","","","","","","","","","","","","","","","","","","","24.6529338880384","28.1906634561591","27.376408936306","35.370552538118","62.446945384262","57.9112234090821","56.5005963032977","56.215806320443","50.5122336368588","48.4823699129053","48.4269478504845","58.1469337815346","57.4942866187624","54.5625709816415","","62.3992484187828","50.8379544344007","51.2784032678648","52.1460801149452","","","",
"San Marino","SMR","Central government debt, total (% of GDP)","GC.DOD.TOTL.GD.ZS","","","","","","","","","","","","","","","","","","","","","","","","","","","","","","","","","","","","","","","","","","","11.6162283783784","24.1901018053597","29.1152937757936","35.8702090907937","43.5560524508393","41.6827191039604","40.7574197083555","40.5520006372722","48.3009084148607","39.5214318173207","45.6609097980014","48.6014869252669","","53.0334747928348","53.7742498918116","","","",
"Somalia","SOM","Central government debt, total (% of GDP)","GC.DOD.TOTL.GD.ZS","","","","","","","","","","","","","","","","","","","","","","","","","","","","","","","","","","","","","","","","","","","","","","","","","","","","","","","","","","","","",
"Serbia","SRB","Central government debt, total (% of GDP)","GC.DOD.TOTL.GD.ZS","","","","","","","","","","","","","","","","","","","","","","","","","","","","","","","","","","","","","","","","","","","","","","","","","","","","","","","","","","","","",
"Sub-Saharan Africa (excluding high income)","SSA","Central government debt, total (% of GDP)","GC.DOD.TOTL.GD.ZS","","","","","","","","","","","","","","","","","","","","","","","","","","","","","","","","","","","","","","","","","","","","","","","","","","","","","","","","","","","","",
"South Sudan","SSD","Central government debt, total (% of GDP)","GC.DOD.TOTL.GD.ZS","","","","","","","","","","","","","","","","","","","","","","","","","","","","","","","","","","","","","","","","","","","","","","","","","","","","","","","","","","","","",
"Sub-Saharan Africa","SSF","Central government debt, total (% of GDP)","GC.DOD.TOTL.GD.ZS","","","","","","","","","","","","","","","","","","","","","","","","","","","","","","","","","","","","","","","","","","","","","","","","","","","","","","","","","","","","",
"Small states","SST","Central government debt, total (% of GDP)","GC.DOD.TOTL.GD.ZS","","","","","","","","","","","","","","","","","","","","","","","","","","","","","","","","","","","","","","","","","","","","","","","","","","","","","","","","","","","","",
"Sao Tome and Principe","STP","Central government debt, total (% of GDP)","GC.DOD.TOTL.GD.ZS","","","","","","","","","","","","","","","","","","","","","","","","","","","","","","","","","","","","","","","","","","","","","","","","","","","","","","","","","","","","",
"Suriname","SUR","Central government debt, total (% of GDP)","GC.DOD.TOTL.GD.ZS","","","","","","","","","","","","","","","","","","","","","","","","","","","","","","","","","","","","","","","","","","","","","","","","","","","","","","","","","","","","",
"Slovak Republic","SVK","Central government debt, total (% of GDP)","GC.DOD.TOTL.GD.ZS","","","","","","","","","","","","","","","","","","","","","","","","","","","","","","","","","","","","","","","","","","","","","","","","","","","","","","","","","","","","",
"Slovenia","SVN","Central government debt, total (% of GDP)","GC.DOD.TOTL.GD.ZS","","","","","","","","","","","","","","","","","","","","","","","","","","","","","","","","","","20.264220025516","17.7600429880313","","","","","","","","","","","","","","","","","","","","","","","","","",
"Sweden","SWE","Central government debt, total (% of GDP)","GC.DOD.TOTL.GD.ZS","","","","","","","","","","","","","","","","","","","","","","","","","","","","","","","","","","","","","","","","","","","","","","","","","","","","","","","","","","","","",
"Eswatini","SWZ","Central government debt, total (% of GDP)","GC.DOD.TOTL.GD.ZS","","","","","","","","","","","","","","","","","","","","","","","","","","","","","","","","","","","","","","","","","","","","","","","","","","","","","","","","","","","","",
"Sint Maarten (Dutch part)","SXM","Central government debt, total (% of GDP)","GC.DOD.TOTL.GD.ZS","","","","","","","","","","","","","","","","","","","","","","","","","","","","","","","","","","","","","","","","","","","","","","","","","","","","","","","","","","","","",
"Seychelles","SYC","Central government debt, total (% of GDP)","GC.DOD.TOTL.GD.ZS","","","","","","","","","","","","","","","","","","","","","","","","","","","","","","","","","","","","","","","","","","","","","","","","","176.92433805069","100.445570307955","75.3534158588627","78.8413155501667","78.1418056718111","51.5506298157061","68.83635968787","63.3403933800613","","","","",
"Syrian Arab Republic","SYR","Central government debt, total (% of GDP)","GC.DOD.TOTL.GD.ZS","","","","","","","","","","","","","","","","","","","","","","","","","","","","","","","","","","","","","","","","","","","","","","","","","","","","","","","","","","","","",
"Turks and Caicos Islands","TCA","Central government debt, total (% of GDP)","GC.DOD.TOTL.GD.ZS","","","","","","","","","","","","","","","","","","","","","","","","","","","","","","","","","","","","","","","","","","","","","","","","","","","","","","","","","","","","",
"Chad","TCD","Central government debt, total (% of GDP)","GC.DOD.TOTL.GD.ZS","","","","","","","","","","","","","","","","","","","","","","","","","","","","","","","","","","","","","","","","","","","","","","","","","","","","","","","","","","","","",
"East Asia & Pacific (IDA & IBRD countries)","TEA","Central government debt, total (% of GDP)","GC.DOD.TOTL.GD.ZS","","","","","","","","","","","","","","","","","","","","","","","","","","","","","","","","","","","","","","","","","","","","","","","","","","","","","","","","","","","","",
"Europe & Central Asia (IDA & IBRD countries)","TEC","Central government debt, total (% of GDP)","GC.DOD.TOTL.GD.ZS","","","","","","","","","","","","","","","","","","","","","","","","","","","","","","","","","","","","","","","","","","","","","","","","","17.5910714157383","22.4805346357989","21.4883287026672","20.7502084090018","19.9049607208741","18.3706490923984","20.8642124334966","22.6035792382403","23.9838246821668","","","",
"Togo","TGO","Central government debt, total (% of GDP)","GC.DOD.TOTL.GD.ZS","","","","","","","","","","","","","","","","","","","","","","","","","","","","","","","","","","","","","","","","","","","","","","","","","","","","","","","","","","","","",
"Thailand","THA","Central government debt, total (% of GDP)","GC.DOD.TOTL.GD.ZS","","","","","","","","","","","","","","","","","","","","","","","","","","","","","","","18.4477538501483","13.3655673362757","10.8789951587465","8.18621092657163","5.69321973711674","4.61010017761248","3.67349666548456","4.64153124886552","10.6698437688435","20.0057997991992","21.9645735166691","24.578278855449","30.0703562721572","27.0460226533416","24.3964383901634","25.4581349649067","24.3806272249009","22.9934516318146","22.4502103239211","26.7792257017954","26.9008306100831","28.1320061571374","28.4447252312755","34.7818333986055","39.5686522173607","35.2739604076527","","","","",
"Tajikistan","TJK","Central government debt, total (% of GDP)","GC.DOD.TOTL.GD.ZS","","","","","","","","","","","","","","","","","","","","","","","","","","","","","","","","","","","","","","","","","","","","","","","","","","","","","","","","","","","","",
"Turkmenistan","TKM","Central government debt, total (% of GDP)","GC.DOD.TOTL.GD.ZS","","","","","","","","","","","","","","","","","","","","","","","","","","","","","","","","","","","","","","","","","","","","","","","","","","","","","","","","","","","","",
"Latin America & the Caribbean (IDA & IBRD countries)","TLA","Central government debt, total (% of GDP)","GC.DOD.TOTL.GD.ZS","","","","","","","","","","","","","","","","","","","","","","","","","","","","","","","","","","","","","","","","","","","","","","","","","","","","","","","","","","","","",
"Timor-Leste","TLS","Central government debt, total (% of GDP)","GC.DOD.TOTL.GD.ZS","","","","","","","","","","","","","","","","","","","","","","","","","","","","","","","","","","","","","","","","","","","","","","","","","","","","","","","","","","","","",
"Middle East & North Africa (IDA & IBRD countries)","TMN","Central government debt, total (% of GDP)","GC.DOD.TOTL.GD.ZS","","","","","","","","","","","","","","","","","","","","","","","","","","","","","","","","","","","","","","","","","","","","","","","","","","","","","","","","","","","","",
"Tonga","TON","Central government debt, total (% of GDP)","GC.DOD.TOTL.GD.ZS","","","","","","","","","","","","","","","","","","","","","","","","","","","","","","","","","","","","","","","","","","","","","","","","","","","","","","49.0334337087279","47.04523691734","51.3603646141118","51.8083889825745","","","",
"South Asia (IDA & IBRD)","TSA","Central government debt, total (% of GDP)","GC.DOD.TOTL.GD.ZS","","","","","","","","","","","","","","","","","","","","","","","","","","","","","","","54.8663431691112","54.1099053922396","53.5709813038202","55.8751375412703","51.0870042190605","49.0601935817871","47.2893323116682","51.4958310142157","54.4045002449022","52.7549085399804","58.1248057118019","58.3613675863029","61.6453113415221","61.1803519135893","63.7277722024039","62.9667416252799","60.4269177376428","58.1640966471399","57.1360645648756","56.1816841083985","52.0404209019343","52.166716997263","51.2454227068951","50.975851485384","","","","","","",
"Sub-Saharan Africa (IDA & IBRD countries)","TSS","Central government debt, total (% of GDP)","GC.DOD.TOTL.GD.ZS","","","","","","","","","","","","","","","","","","","","","","","","","","","","","","","","","","","","","","","","","","","","","","","","","","","","","","","","","","","","",
"Trinidad and Tobago","TTO","Central government debt, total (% of GDP)","GC.DOD.TOTL.GD.ZS","","","","","","","","","","","","","","","","","","","","","","","","","","","","","","","","","","","","","","","","","","","","","","","16.803206848237","15.928004235045","","","","","","","","","","","","",
"Tunisia","TUN","Central government debt, total (% of GDP)","GC.DOD.TOTL.GD.ZS","","","","","","","","","","","","","","","","","","","","","","","","","","","","","","","54.7703800956018","60.6727188081937","55.4991317544397","59.3098274568642","59.0345141585198","57.518267866149","55.2965179400303","56.9353278066895","54.2817440338334","55.6386363803379","56.7214685407345","56.467642102279","55.9340939899214","55.0211600274784","53.8374194744404","52.4205297222421","48.562318473175","45.7895412461289","43.2919349060393","42.9297921509547","40.6626014003759","44.6247763295406","44.6597512024834","","","","","","","",
"Turkey","TUR","Central government debt, total (% of GDP)","GC.DOD.TOTL.GD.ZS","","","","","","","","","","","","","","","","","","","","","","","","","","","","","","","30.2454942016516","32.1299111323629","34.0172750620102","33.6982232562416","44.0175057105221","35.8414007648945","37.9207501444174","44.2932887174408","30.3184577488056","","","","","","","","","","41.5459511092051","50.4730899255796","47.432445669861","42.3601056084202","39.2866761242915","32.9184777618761","31.5638493902928","29.2069977270683","31.8721809053214","","","",
"Tuvalu","TUV","Central government debt, total (% of GDP)","GC.DOD.TOTL.GD.ZS","","","","","","","","","","","","","","","","","","","","","","","","","","","","","","","","","","","","","","","","","","","","","","","","","","","","","","","","","","","","",
"Tanzania","TZA","Central government debt, total (% of GDP)","GC.DOD.TOTL.GD.ZS","","","","","","","","","","","","","","","","","","","","","","","","","","","","","","","","","","","","","","","","","","","","","","","","","","","","","","","","","","","","",
"Uganda","UGA","Central government debt, total (% of GDP)","GC.DOD.TOTL.GD.ZS","","","","","","","","","","","","","","","","","","","","","","","","","","","","","","","","","","","","","","","","","","","","","","","","","","","","","","","","","","","","",
"Ukraine","UKR","Central government debt, total (% of GDP)","GC.DOD.TOTL.GD.ZS","","","","","","","","","","","","","","","","","","","","","","","","","","","","","","","","","","","","","","","","60.976448181234","45.2874698653496","","","","","","","","13.8402079543379","24.8994141074509","29.9695556383217","27.4827594960273","33.7031001609632","37.0287155729123","63.6653191884884","70.2588376218982","71.8095454494004","","","",
"Upper middle income","UMC","Central government debt, total (% of GDP)","GC.DOD.TOTL.GD.ZS","","","","","","","","","","","","","","","","","","","","","","","","","","","","","","","","","","","","","","","","","","","","","","","","","","","","","","","","","","","","",
"Uruguay","URY","Central government debt, total (% of GDP)","GC.DOD.TOTL.GD.ZS","","","","","","","","","","","","","","","","","","","","","","","","","","","","","","","31.5959630364015","24.5905757591411","23.6047773194107","21.8791430371302","24.5301880718095","","","","","","","40.6433348596506","95.2678607204109","105.602780852245","85.425594123742","76.1144597080025","69.0268963476743","58.5120605304436","57.2526825176099","49.2733292135984","44.2227017546251","45.3514512209494","43.4034504514938","42.7408509975012","44.3579613307475","51.1864800206369","50.6849558759359","","","",
"United States","USA","Central government debt, total (% of GDP)","GC.DOD.TOTL.GD.ZS","","","","","","","","","","","","","","","","","","","","","","","","","","","","","","39.128400199944","40.933943570707","44.0615972806026","46.0501444176036","48.2461403335599","47.3534821707435","47.2095352870886","46.7417685500108","44.1174698024182","41.1291489381945","37.7292772729571","33.263120248676","15.1658484819226","53.831020656133","56.2416463518739","56.6783896767545","56.5499612668647","55.4711368300526","55.745971470597","64.0622298869459","76.1779363289699","85.4642738610747","90.0547850215033","94.163413471203","96.0756025714402","96.3722706936402","96.8479213792285","99.0171145300394","","","",
"Uzbekistan","UZB","Central government debt, total (% of GDP)","GC.DOD.TOTL.GD.ZS","","","","","","","","","","","","","","","","","","","","","","","","","","","","","","","","","","","","","","","","","","","","","","","","","","","","","","","","","","","","",
"St. Vincent and the Grenadines","VCT","Central government debt, total (% of GDP)","GC.DOD.TOTL.GD.ZS","","","","","","","","","","","","","","","","","","","","","","","","","","","","","","","31.5260936461594","31.5824661356898","33.6319837500488","40.7098757087522","43.263847150274","43.3532667723757","41.6079064854481","39.3832023932378","40.0387163185079","51.9459985324308","51.7428779003608","48.9016464559096","52.3300210498833","55.4548969656624","59.3259448726376","57.149874301212","54.0523795202106","45.7249869846124","45.8443468322957","56.8312179829486","59.8947398810021","58.4684259982228","61.2051464917468","63.5537766005964","68.7494977577461","","","","","",
"Venezuela, RB","VEN","Central government debt, total (% of GDP)","GC.DOD.TOTL.GD.ZS","","","","","","","","","","","","","","","","","","","","","","","","","","","","","","","","","","","","","","","","","","","","","","","","","","","","","","","","","","","","",
"British Virgin Islands","VGB","Central government debt, total (% of GDP)","GC.DOD.TOTL.GD.ZS","","","","","","","","","","","","","","","","","","","","","","","","","","","","","","","","","","","","","","","","","","","","","","","","","","","","","","","","","","","","",
"Virgin Islands (U.S.)","VIR","Central government debt, total (% of GDP)","GC.DOD.TOTL.GD.ZS","","","","","","","","","","","","","","","","","","","","","","","","","","","","","","","","","","","","","","","","","","","","","","","","","","","","","","","","","","","","",
"Vietnam","VNM","Central government debt, total (% of GDP)","GC.DOD.TOTL.GD.ZS","","","","","","","","","","","","","","","","","","","","","","","","","","","","","","","","","","","","","","","","","","","","","","","","","","","","","","","","","","","","",
"Vanuatu","VUT","Central government debt, total (% of GDP)","GC.DOD.TOTL.GD.ZS","","","","","","","","","","","","","","","","","","","","","","","","","","","","","","","24.9665623988782","","","","","25.7788963886664","23.814391588478","24.893760539629","28.4022961014111","27.3040009250694","","","","","","","","","","","","","","","","","","","","",
"World","WLD","Central government debt, total (% of GDP)","GC.DOD.TOTL.GD.ZS","","","","","","","","","","","","","","","","","","","","","","","","","","","","","","","","","","","","","","","","","","","","","","","","","","","","","","","","","","","","",
"Samoa","WSM","Central government debt, total (% of GDP)","GC.DOD.TOTL.GD.ZS","","","","","","","","","","","","","","","","","","","","","","","","","","","","","","","","","","","","","","","","","","","","","","","","","","","","","","","","","","","","",
"Kosovo","XKX","Central government debt, total (% of GDP)","GC.DOD.TOTL.GD.ZS","","","","","","","","","","","","","","","","","","","","","","","","","","","","","","","","","","","","","","","","","","","","","","","","","","","","","","","","","","","","",
"Yemen, Rep.","YEM","Central government debt, total (% of GDP)","GC.DOD.TOTL.GD.ZS","","","","","","","","","","","","","","","","","","","","","","","","","","","","","","","","","","","","","","","","","","","","","","","","","","","","","","","","","","","","",
"South Africa","ZAF","Central government debt, total (% of GDP)","GC.DOD.TOTL.GD.ZS","","","","","","","","","","","","","","","","","","","","","","","","","","","","","","","35.3398824635165","36.9948428757177","40.3064189532553","43.7840067079228","49.2296965336848","49.5658573784738","48.9129561258787","47.8133795655631","49.5834088265337","46.7728777255068","44.1132212645986","","","","","","","","26.0184722820795","","","","","","","","","","","",
"Zambia","ZMB","Central government debt, total (% of GDP)","GC.DOD.TOTL.GD.ZS","","","","","","","","","","","","","","","","","","","","","","","","","","","","","","","244.380536439033","277.530307986502","164.700753558863","161.786076869106","149.209889858483","155.279224614308","175.934490736564","150.072548942759","161.232157851948","","","","","","","","","","","","","18.0494332756013","23.4886020407775","24.2240394368617","44.3960266359538","49.4072998798677","","","","",
"Zimbabwe","ZWE","Central government debt, total (% of GDP)","GC.DOD.TOTL.GD.ZS","","","","","","","","","","","","","","","","","","","","","","","","","","","","","","","","","","","","","","","","","","","","","","","","","","","","","","","","","","","","",
